{"daily_cost": 0.00062, "daily_calls": 1, "last_reset": "2026-01-20T14:59:43.272440"}