{"daily_cost": 0.01076, "daily_calls": 2, "last_reset": "2026-01-20T14:59:43.272440"}