{
  "bull_regime_winners": {
    "observations": 8,
    "strategy_performance": {
      "TimeSeriesMomentum": [
        0.5,
        0.5,
        0.5,
        0.5,
        0.5
      ],
      "CrossSectionMomentum": [
        0.5,
        0.5,
        0.5,
        0.5,
        0.5
      ],
      "MeanReversion": [
        0.5,
        0.5,
        0.5,
        0.5,
        0.5
      ],
      "VolatilityRegimeVolTarget": [
        0.5,
        0.5,
        0.5,
        0.5,
        0.5
      ],
      "Carry": [
        0.5,
        0.5,
        0.5,
        0.5,
        0.5
      ],
      "IntradayMomentum": [
        0.8780487804878049,
        0.8780487804878049,
        0.8780487804878049
      ],
      "RelativeStrengthIntraday": [
        0.8545454545454545,
        0.8545454545454545,
        0.8545454545454545
      ],
      "VWAPReversion": [
        0.8181818181818182,
        0.8181818181818182,
        0.8181818181818182
      ],
      "NewsSentimentEvent": [
        0.8,
        0.8,
        0.8
      ],
      "VolumeSpike": [
        0.75,
        0.75,
        0.75
      ]
    }
  }
}